skill_chave,servico_sugerido,plataforma_sugerida,ticket_medio_reais,justificativa_negocio
python,Automação de Pipelines e Scripts de RPA,Workana,2000.00,Empresas buscam eliminar processos manuais operacionais repetitivos.[span_1](start_span)[span_1](end_span)
sql,Modelagem e Otimização de Bancos de Dados,Fiverr,1200.00,Garantia de integridade e performance para sistemas críticos corporativos.
fastapi,Desenvolvimento de APIs e Microsserviços,Workana,2500.00,Alta demanda por integração de sistemas de IA e backend resiliente.
streamlit,Criação de Dashboards Web Interativos,Fiverr,1500.00,Demanda por MVPs rápidos de dados sem custo de licenciamento de BI.
power bi,Construção de Dashboards e Relatórios Executivos,GetNinjas,1500.00,Pequenas e médias empresas demandam visibilidade imediata de indicadores.
docker,Containerização e Deploy de Aplicações,Fiverr,1000.00,Garantia de portabilidade e facilidade de deploy em nuvem (AWS/Azure).
azure databricks,Arquitetura de Dados e Engenharia de Big Data,LinkedIn Pro,4000.00,Grandes volumes de dados exigem estruturas performáticas de processamento.
liderança técnica,Mentoria e Code Review para Times de Tecnologia,Venda Direta,3000.00,Profissionais juniores necessitam de aceleração de carreira guiada.
storytelling de dados,Tradução de Métricas Técnicas em Relatórios de Impacto Financeiro,LinkedIn B2B,3500.00,Tomadores de decisão pagam prêmios para entender o ROI de projetos técnicos.
